model,roc_auc,pr_auc,f1,precision,recall,balanced_accuracy,mcc,brier_score,log_loss,ks_statistic
xgboost,0.6709131648726595,0.010652401075247385,0.004463040446304045,0.04130808950086059,0.0023589541969726755,0.5010546365111752,0.008807625327053127,0.005456275249510287,0.035355711795646866,0.2509342091586589
