model,roc_auc,pr_auc,f1,precision,recall,balanced_accuracy,mcc,brier_score,log_loss,ks_statistic
logistic,0.870288445153617,0.29644597833070335,0.28342245989304815,0.8688524590163934,0.16932907348242812,0.5846042531067137,0.3825659453622965,0.0037928411715604216,0.021858037025462462,0.5631282404158852
random_forest,0.8669543503568743,0.3046241037790453,0.30728709394205445,0.875,0.18636847710330137,0.5931214430990461,0.4028031259924244,0.0039226262630198475,0.026638091511265314,0.5699944436657541
xgboost,0.8675715861873459,0.2523456430318774,0.3115124153498871,0.5307692307692308,0.22044728434504793,0.609763979459459,0.3401670702164498,0.004845445872087491,0.026921898663350468,0.5746595078085202
lightgbm,0.6329316949559712,0.14625545181755875,0.019416362489728056,0.009885576399159338,0.5410010649627263,0.6426992273406762,0.04464989558049711,0.21351154482537824,0.8832020058958295,0.2943255043734766
catboost,0.8604758337926698,0.23686207610467844,0.05828284938374765,0.030644186940523916,0.5942492012779552,0.7527884992820935,0.12013904190340696,0.10561181432844442,0.3730638827904654,0.5454979737171378
ensemble,0.8648219665860141,0.25550096738273564,0.10201937667795027,0.05728893550078658,0.4653887113951012,0.714631871710391,0.15320533859649138,0.06603470252518404,0.28738658641871745,0.5688661959631889
