model,roc_auc,pr_auc,f1,precision,recall,balanced_accuracy,mcc,brier_score,log_loss,ks_statistic
logistic,0.8740298399953913,0.30270415919410476,0.3226917057902973,0.766827817032354,0.204340501436924,0.6020297210088676,0.3946472577513999,0.003695884941685441,0.025730679778497204,0.5735015256994542
random_forest,0.7680974441436746,0.29725529261113354,0.32469942709594124,0.8740225890529973,0.1993855911208007,0.599627797768084,0.4164550378260866,0.003991999604243748,0.0335282013360169,0.49854686999368464
xgboost,0.8522800122395188,0.22971536150786573,0.28817171563403865,0.6212668198227765,0.1875929045684273,0.5935378058968582,0.33990963685951464,0.004117477830965283,0.0241602726923522,0.5260965854515831
lightgbm,0.4952939534969178,0.00812414097024182,0.01715958138249637,0.008751645027402236,0.4369239916757507,0.6065353492084591,0.034172935983590634,0.1782246496548308,0.61959885541342,0.22411250540255181
catboost,0.8605681924701567,0.19868098441646367,0.045973199573017175,0.023816852911068002,0.6593994648696858,0.7685731189767138,0.10886668390738682,0.12780671568407684,0.4249230402968197,0.540509784584513
ensemble,0.8543291910294641,0.30379627305572865,0.0394336917562724,0.020456734434325368,0.5451392329798831,0.7135318975986694,0.0879904338858981,0.1050404359323982,0.3884350053479628,0.5331499594175866
